{
 "parent": "item/handheld",
 "textures": {
  "layer0": "item/iron_nugget"
 },

 "overrides": [
  { "predicate": {"custom_model_data": 1}, "model": "item/bishop"},
  { "predicate": {"custom_model_data": 2}, "model": "item/king"},
  { "predicate": {"custom_model_data": 3}, "model": "item/knight"},
  { "predicate": {"custom_model_data": 4}, "model": "item/pawn"},
  { "predicate": {"custom_model_data": 5}, "model": "item/queen"},
  { "predicate": {"custom_model_data": 6}, "model": "item/rook"},
  { "predicate": {"custom_model_data": 7}, "model": "item/bishopB"},
  { "predicate": {"custom_model_data": 8}, "model": "item/kingB"},
  { "predicate": {"custom_model_data": 9}, "model": "item/knightB"},
  { "predicate": {"custom_model_data": 10}, "model": "item/pawnB"},
  { "predicate": {"custom_model_data": 11}, "model": "item/queenB"},
  { "predicate": {"custom_model_data": 12}, "model": "item/rookB"}

 ]

 
}